タイムスタンプ,あなたはArsenalを見始めてどの程度ですか？,あなたが予想するArsenalの最終順位は？,理由などあればこちらに記入ください,その他、何かコメントやご意見があればお願いします。
2022/02/27 9:33:06,10年以上(!?),3位,,
2022/02/27 9:35:21,10年以上(!?),4位,,
2022/02/27 9:36:45,3~10年(ナカーマ、仲良くしましょう!!),3位,,
2022/02/27 9:37:00,3~10年(ナカーマ、仲良くしましょう!!),3位,未消化分のチェルシー戦、スパーズ戦に勝てばマジで3位あり得ると思う,あまり情報を聞かないので耳に入るようにして欲しい
2022/02/27 9:38:17,1~3年(この苦しい時期に応援してくださってありがとうございます!!),3位,,
2022/02/27 9:39:42,3~10年(ナカーマ、仲良くしましょう!!),4位,,
2022/02/27 9:39:52,10年以上(!?),3位,"ストレートインって、やっぱ気持ちいいじゃん
(๑╹ω╹๑ )",ドンペリ、ドンペリ言わないで欲しい。マジで日本中のグーナーにドンペリ奢る羽目になる。
2022/02/27 9:40:36,3~10年(ナカーマ、仲良くしましょう!!),4位,"・単純にアーセナルの調子がすこぶる良い。リヴァプールとの対戦を3月までに終わらせられるのもグッドポイント。基本的に終盤の追い上げは定評あり

・ユナイテッド&スパーズは好不調の波が多すぎる+新スタイルが90分持たないのは終盤に向けて大きな痛手。また、この両チームは終盤戦にリヴァプールとのアウェイゲームを控えているのもマイナスポイント

・ウェストハムはEL&FA杯を残しており、中2日〜3日の過密日程が連続する選手層は持っていないと考える。昨シーズン終盤のようにライスや、アントニオなど替えの利かない選手たちを失った瞬間にゲームオーバーを迎えそうな予感",
2022/02/27 9:40:57,3~10年(ナカーマ、仲良くしましょう!!),4位,,
2022/02/27 9:42:55,まだ見始めたばかり、これから見ようかと思う(興味を持っていただきありがとうございます!!),3位,次節のチェルシーで勝てれば普通に行けそうだから,
2022/02/27 9:42:55,10年以上(!?),3位,,
2022/02/27 9:42:55,10年以上(!?),4位,,
2022/02/27 9:43:35,10年以上(!?),4位,,
2022/02/27 9:43:49,10年以上(!?),4位,,
2022/02/27 9:46:39,1~3年(この苦しい時期に応援してくださってありがとうございます!!),3位,このまま怪我人が多くならなければ負ける気がしません！リヴァプールはしょうがないとして笑全勝すれば3位なので行けると思います！！,
2022/02/27 9:47:10,3~10年(ナカーマ、仲良くしましょう!!),4位,,
2022/02/27 9:47:41,3~10年(ナカーマ、仲良くしましょう!!),3位,,
2022/02/27 9:48:10,1~3年(この苦しい時期に応援してくださってありがとうございます!!),4位,,
2022/02/27 9:48:41,3~10年(ナカーマ、仲良くしましょう!!),4位,他が転けてくれているのがでかい,
2022/02/27 9:48:54,3~10年(ナカーマ、仲良くしましょう!!),4位,,
2022/02/27 9:50:06,10年以上(!?),4位,,
2022/02/27 9:50:08,3~10年(ナカーマ、仲良くしましょう!!),3位,チェルシーをぶっこ抜くしかない！,
2022/02/27 9:50:16,3~10年(ナカーマ、仲良くしましょう!!),4位,西公、ユナイテッド、スパーズあたりの4位争い勢がイマイチ波に乗り切れてない＋今季のアーセナルには勝たなきゃならんとこでしっかり勝つ力が昨季より格段に付いていると感じたから。あわよくばチェルシーも抜かして3位なんかもあるんじゃねぇかなと浮き足立っております！,
2022/02/27 9:50:19,10年以上(!?),3位,今日レッズがカラバオを勝ち取り、CL2連覇に全力になるチェルシーは、リーグで足下救掬われます！！,
2022/02/27 9:50:40,3~10年(ナカーマ、仲良くしましょう!!),4位,,
2022/02/27 9:51:07,1~3年(この苦しい時期に応援してくださってありがとうございます!!),3位,チェルシーをぶっ放します,
2022/02/27 9:51:21,3~10年(ナカーマ、仲良くしましょう!!),4位,今のアーセナルは、若いスカッドながらも攻守共に安定感が増してきていて、攻撃では左右そして真ん中から多彩な攻撃ができるようになっているし、守備に関してはクリーンシート数が表しているように点を取られないチームになってきています。またウルブス戦のようにチームとしてCLに返り咲くという目標が共有されていて、チームがひとつになっていると感じます。自分は17-18シーズンから応援し始めているのでまたCLの舞台を見たことがありません。なので今年こそトップ4フィニッシュという願いを込めて4位にしました。,
2022/02/27 9:51:44,10年以上(!?),4位,,
2022/02/27 9:52:03,3~10年(ナカーマ、仲良くしましょう!!),4位,,
2022/02/27 9:52:05,3~10年(ナカーマ、仲良くしましょう!!),4位,,
2022/02/27 9:54:12,3~10年(ナカーマ、仲良くしましょう!!),4位,ワトフォドがユナイテッドと引き分けてくれたので、残り試合数と勝点、今の雰囲気から考えていくしかないでそ,
2022/02/27 9:55:32,1~3年(この苦しい時期に応援してくださってありがとうございます!!),4位,,
2022/02/27 9:55:50,10年以上(!?),4位,,
2022/02/27 9:57:05,10年以上(!?),3位,,
2022/02/27 10:00:09,1~3年(この苦しい時期に応援してくださってありがとうございます!!),4位,,
2022/02/27 10:01:05,まだ見始めたばかり、これから見ようかと思う(興味を持っていただきありがとうございます!!),3位,,
2022/02/27 10:01:45,10年以上(!?),3位,だいぶ希望的観測ではあるけど、チェルシーがCLとFAを残しているので結構辛いと思われ,
2022/02/27 10:04:26,3~10年(ナカーマ、仲良くしましょう!!),4位,,
2022/02/27 10:07:49,まだ見始めたばかり、これから見ようかと思う(興味を持っていただきありがとうございます!!),3位,,
2022/02/27 10:08:11,3~10年(ナカーマ、仲良くしましょう!!),4位,,
2022/02/27 10:08:35,まだ見始めたばかり、これから見ようかと思う(興味を持っていただきありがとうございます!!),3位,チェルシーに勝てばいける,
2022/02/27 10:10:26,10年以上(!?),4位,,
2022/02/27 10:10:54,3~10年(ナカーマ、仲良くしましょう!!),4位,うちの上振れは可能性あるけど飴の取りこぼしが考えにくい…,
2022/02/27 10:11:33,10年以上(!?),4位,,
2022/02/27 10:16:04,10年以上(!?),3位,過密日程と怪我人抱えたチェルシーが逃げ切れるとは思えない。今日のリバポ戦に負けたらTL荒れ狂うでしょうねw,来シーズンこそCLで躍動するアーセナルを観たいですね。
2022/02/27 10:19:04,1~3年(この苦しい時期に応援してくださってありがとうございます!!),3位,,
2022/02/27 10:19:14,3~10年(ナカーマ、仲良くしましょう!!),4位,,
2022/02/27 10:19:42,10年以上(!?),3位,,
2022/02/27 10:22:36,10年以上(!?),4位,いくしかない,
2022/02/27 10:23:47,10年以上(!?),3位,,
2022/02/27 10:26:23,10年以上(!?),4位,,
2022/02/27 10:29:04,10年以上(!?),3位,,
2022/02/27 10:32:05,3~10年(ナカーマ、仲良くしましょう!!),4位,,
2022/02/27 10:32:42,3~10年(ナカーマ、仲良くしましょう!!),3位,周りが勝手に落ちてってくれるからですね,
2022/02/27 10:33:11,10年以上(!?),3位,今のアーセナルのチーム状態と試合日程を見ると他チームよりも有利な点と、チェルシーはオーナーの件でネガティブな側面に引っ張られるのではと予想します。但し、アーセナルに怪我人が多発すると話は別ですが…,戦術系グーナー、情報系グーナーなど、オススメグーナーのまとめなんかがあると初心者グーナーには有難いのかなーと思います。
2022/02/27 10:33:17,1~3年(この苦しい時期に応援してくださってありがとうございます!!),3位,優勝してほしいけどまずはCL復帰が目の前の目標だと思います。その上でシティとリバプールは他チームより頭一つ抜けてると考えてるので、なんとかチェルシーを上回って3位で来シーズンへの弾みをつけてほしいです。,
2022/02/27 10:34:14,1~3年(この苦しい時期に応援してくださってありがとうございます!!),4位,,
2022/02/27 10:34:23,10年以上(!?),4位,,
2022/02/27 10:36:00,1~3年(この苦しい時期に応援してくださってありがとうございます!!),3位,,
2022/02/27 10:36:55,10年以上(!?),3位,,
2022/02/27 10:37:59,10年以上(!?),7位,,
2022/02/27 10:39:27,3~10年(ナカーマ、仲良くしましょう!!),4位,,
2022/02/27 10:41:07,3~10年(ナカーマ、仲良くしましょう!!),4位,,
2022/02/27 10:42:14,3~10年(ナカーマ、仲良くしましょう!!),4位,,
2022/02/27 10:46:19,10年以上(!?),4位,,
2022/02/27 10:48:26,1~3年(この苦しい時期に応援してくださってありがとうございます!!),4位,ユナイテッドの腑抜けっぷりとブロックが崩せないスパーズを見ればアーセナルが上回るのは当然,
2022/02/27 10:50:06,1~3年(この苦しい時期に応援してくださってありがとうございます!!),3位,,
2022/02/27 10:51:21,10年以上(!?),4位,,
2022/02/27 10:54:46,1~3年(この苦しい時期に応援してくださってありがとうございます!!),3位,,
2022/02/27 10:55:20,3~10年(ナカーマ、仲良くしましょう!!),3位,ルカクが覚醒しない限り、チェルシーは食える、飴だけに,
2022/02/27 10:56:06,3~10年(ナカーマ、仲良くしましょう!!),3位,,
2022/02/27 10:56:53,3~10年(ナカーマ、仲良くしましょう!!),4位,,
2022/02/27 11:01:21,10年以上(!?),4位,,
2022/02/27 11:01:58,3~10年(ナカーマ、仲良くしましょう!!),4位,,
2022/02/27 11:01:58,3~10年(ナカーマ、仲良くしましょう!!),4位,現在の勝ち点の状況と未消化試合の状況を踏まえたガチ予想。怪我人がでなければ今のスカッドでも充分CL圏狙えると思います！！！,
2022/02/27 11:05:21,10年以上(!?),4位,4位になってほしい(切実な願望),アーセナル最高！！！
2022/02/27 11:06:39,3~10年(ナカーマ、仲良くしましょう!!),3位,,
2022/02/27 11:09:16,10年以上(!?),3位,,
2022/02/27 11:10:14,3~10年(ナカーマ、仲良くしましょう!!),4位,1.2.3はシティ　リヴァプール　チェルシー　で決まり。4位に入りそうなのはスパーズかアーセナルだと思ってます。ノーロンで勝てればいけるかと,yeah
2022/02/27 11:10:38,まだ見始めたばかり、これから見ようかと思う(興味を持っていただきありがとうございます!!),4位,,
2022/02/27 11:10:48,10年以上(!?),4位,,
2022/02/27 11:13:12,10年以上(!?),4位,,
2022/02/27 11:14:21,10年以上(!?),4位,,
2022/02/27 11:16:11,10年以上(!?),4位,,
2022/02/27 11:17:48,まだ見始めたばかり、これから見ようかと思う(興味を持っていただきありがとうございます!!),3位,,
2022/02/27 11:18:24,10年以上(!?),4位,,
2022/02/27 11:18:52,まだ見始めたばかり、これから見ようかと思う(興味を持っていただきありがとうございます!!),3位,,
2022/02/27 11:18:55,10年以上(!?),4位,,
2022/02/27 11:22:01,10年以上(!?),4位,期待と現実のバランスをとって。CLが当たり前のチームにまずは戻ってほしいので。,
2022/02/27 11:22:01,10年以上(!?),4位,,
2022/02/27 11:22:32,10年以上(!?),4位,,
2022/02/27 11:26:18,10年以上(!?),3位,なんだかんだで飴がcl継続して、リーグは控えで戦って勝ち点を落とすはず。ルカクが師匠と化す。,
2022/02/27 11:26:18,1~3年(この苦しい時期に応援してくださってありがとうございます!!),4位,ノーロンダブルなら余裕で4位あると思います！延期分のチェルシーに勝てたら3位争いもできるかな。とは思っていますが現実的に4位で！,
2022/02/27 11:29:40,3~10年(ナカーマ、仲良くしましょう!!),4位,,
2022/02/27 11:29:48,3~10年(ナカーマ、仲良くしましょう!!),4位,,
2022/02/27 11:30:15,3~10年(ナカーマ、仲良くしましょう!!),4位,,
2022/02/27 11:30:46,1~3年(この苦しい時期に応援してくださってありがとうございます!!),4位,,
2022/02/27 11:30:46,10年以上(!?),3位,,
2022/02/27 11:31:07,3~10年(ナカーマ、仲良くしましょう!!),4位,今のアーセナルは下位クラブに弱いというジンクスを脱しているように見え、勝者のメンタリティーがついてきたのではないかと思うから。,
2022/02/27 11:33:36,10年以上(!?),4位,,
2022/02/27 11:34:38,10年以上(!?),4位,,
2022/02/27 11:35:38,まだ見始めたばかり、これから見ようかと思う(興味を持っていただきありがとうございます!!),4位,ウルブス戦の雰囲気見たらこのままいける未来しか見えなかった,
2022/02/27 11:39:01,10年以上(!?),5位,勿論CL圏フィニッシュを切に望みますが、未消化の相手を考えると、思い通り勝ち点積み重ねられずに5位着地を予想。いい意味で期待を裏切って欲しいですが。,
2022/02/27 11:41:43,3~10年(ナカーマ、仲良くしましょう!!),4位,,
2022/02/27 11:43:50,10年以上(!?),4位,,
2022/02/27 11:46:02,3~10年(ナカーマ、仲良くしましょう!!),3位,,
2022/02/27 11:50:34,まだ見始めたばかり、これから見ようかと思う(興味を持っていただきありがとうございます!!),4位,,
2022/02/27 11:50:56,3~10年(ナカーマ、仲良くしましょう!!),4位,"シーズン初めの目標のCL圏
3位でもなく5位でもなく、とにかく確実に4位を手堅く狙う形の戦い方をしてくると思った",COYG!!
2022/02/27 11:52:50,10年以上(!?),4位,,
2022/02/27 11:55:36,まだ見始めたばかり、これから見ようかと思う(興味を持っていただきありがとうございます!!),3位,トッテナムより上なら満足ですが、CL出て欲しいです。,冨安きっかけでなんとなくアーセナルを見始めたけど、今は沼にどっぷりハマってます。
2022/02/27 11:57:26,1~3年(この苦しい時期に応援してくださってありがとうございます!!),4位,完全に希望！応援し始めてからCLで見れてないからみたい！,
2022/02/27 12:00:50,3~10年(ナカーマ、仲良くしましょう!!),4位,,
2022/02/27 12:02:16,10年以上(!?),4位,,
2022/02/27 12:03:02,1~3年(この苦しい時期に応援してくださってありがとうございます!!),4位,,
2022/02/27 12:08:00,10年以上(!?),4位,CL,
2022/02/27 12:13:45,まだ見始めたばかり、これから見ようかと思う(興味を持っていただきありがとうございます!!),4位,冨安最強！！！,冨安加入後から見初めてハマりました！
2022/02/27 12:14:07,1~3年(この苦しい時期に応援してくださってありがとうございます!!),3位,,
2022/02/27 12:16:01,3~10年(ナカーマ、仲良くしましょう!!),3位,チェルシーとの直接対決を制して3位浮上,
2022/02/27 12:17:01,1~3年(この苦しい時期に応援してくださってありがとうございます!!),4位,,
2022/02/27 12:18:00,まだ見始めたばかり、これから見ようかと思う(興味を持っていただきありがとうございます!!),4位,若手の躍進,
2022/02/27 12:18:20,10年以上(!?),4位,,
2022/02/27 12:19:21,1~3年(この苦しい時期に応援してくださってありがとうございます!!),4位,,
2022/02/27 12:20:29,10年以上(!?),4位,,
2022/02/27 12:20:40,10年以上(!?),3位,今チェルシーがクラブ内でのゴタゴタがあるから順位が下がるからアーセナルが3位に！,
2022/02/27 12:20:42,1~3年(この苦しい時期に応援してくださってありがとうございます!!),4位,"どのチームよりも勢いがあると思うから
今年のCL圏奪取は来年以降のこと考えても必須",
2022/02/27 12:23:27,10年以上(!?),4位,,
2022/02/27 12:26:12,10年以上(!?),4位,チェルシーも調子落としてますが、チェルシー以上の順位は今季は難しい。そうすると4位以下が狙えるとなりますが、守備が安定してる事、いろんな試合見ててもシュート数も多くて内容も悪くない事、現在リーグ8戦無敗？元旦のシティにも退場が無ければ勝っていたと個人的に考えてます。トップ3に準ずる力はある。なのて4位と予想します！,
2022/02/27 12:28:32,10年以上(!?),5位,,
2022/02/27 12:30:09,10年以上(!?),4位,,
2022/02/27 12:30:44,1~3年(この苦しい時期に応援してくださってありがとうございます!!),4位,リヴァ、,
2022/02/27 12:31:29,3~10年(ナカーマ、仲良くしましょう!!),6位,なんだかんだで6位な気がしてならない,
2022/02/27 12:33:28,1~3年(この苦しい時期に応援してくださってありがとうございます!!),4位,,決定的なFWがほしいですねー！
2022/02/27 12:38:40,10年以上(!?),4位,,
2022/02/27 12:40:57,1~3年(この苦しい時期に応援してくださってありがとうございます!!),4位,,
2022/02/27 12:45:10,3~10年(ナカーマ、仲良くしましょう!!),3位,,
2022/02/27 12:48:55,3~10年(ナカーマ、仲良くしましょう!!),3位,ロンドンイズレッド,ロンドンイズレッド
2022/02/27 12:54:40,3~10年(ナカーマ、仲良くしましょう!!),3位,チェルシーとの直接対決勝ってぶち抜きます！,
2022/02/27 13:07:46,1~3年(この苦しい時期に応援してくださってありがとうございます!!),3位,,
2022/02/27 13:08:49,1~3年(この苦しい時期に応援してくださってありがとうございます!!),4位,ロナウドとかケインの調子次第だけどそこら辺が今の状態ならCL権は取れそう。3位フィニッシュもワンチャンありそうだけど最終的にはチェルシーに戦力差で負けて4位フィニッシュ濃厚だと思います。,
2022/02/27 13:09:26,3~10年(ナカーマ、仲良くしましょう!!),3位,このままの調子を継続してBIG London derbyに勝てばチェルシーより上でフィニッシュが見えるから！！,
2022/02/27 13:14:41,10年以上(!?),4位,,
2022/02/27 13:16:52,1~3年(この苦しい時期に応援してくださってありがとうございます!!),4位,,
2022/02/27 13:17:19,3~10年(ナカーマ、仲良くしましょう!!),4位,アーセナルだから。,
2022/02/27 13:18:48,3~10年(ナカーマ、仲良くしましょう!!),3位,普通に考えれば4位が妥当だと思います。しかし、今の流れとチェルシーの日程を考えれば3位まで行けるチャンスは十分にあると思います！,
2022/02/27 13:25:07,3~10年(ナカーマ、仲良くしましょう!!),3位,,
2022/02/27 13:27:13,10年以上(!?),4位,,
2022/02/27 13:27:57,3~10年(ナカーマ、仲良くしましょう!!),3位,,
2022/02/27 13:29:30,3~10年(ナカーマ、仲良くしましょう!!),4位,,
2022/02/27 13:32:54,10年以上(!?),4位,,
2022/02/27 13:43:00,3~10年(ナカーマ、仲良くしましょう!!),3位,ユナイテッドはいわずもガナ、チェルシーも抜ける立ち位置にいるから！,Come on you Gunners!
2022/02/27 13:43:22,3~10年(ナカーマ、仲良くしましょう!!),5位,毎度のように取りこぼしが今後、怪我などにより起こると考えるため,
2022/02/27 13:44:31,3~10年(ナカーマ、仲良くしましょう!!),4位,COYGだから,アーセナル以外クソ()
2022/02/27 13:46:16,3~10年(ナカーマ、仲良くしましょう!!),4位,,
2022/02/27 13:46:27,10年以上(!?),3位,,
2022/02/27 13:52:58,1~3年(この苦しい時期に応援してくださってありがとうございます!!),4位,,
2022/02/27 13:53:53,1~3年(この苦しい時期に応援してくださってありがとうございます!!),4位,やはりリバプール、チェルシー、シティの壁は越えられないかと､､､,大好きです！🥰
2022/02/27 13:55:24,3~10年(ナカーマ、仲良くしましょう!!),4位,,
2022/02/27 13:57:21,3~10年(ナカーマ、仲良くしましょう!!),8位,,
2022/02/27 13:57:26,10年以上(!?),3位,,
2022/02/27 14:00:28,3~10年(ナカーマ、仲良くしましょう!!),4位,,
2022/02/27 14:01:59,まだ見始めたばかり、これから見ようかと思う(興味を持っていただきありがとうございます!!),4位,,
2022/02/27 14:09:23,10年以上(!?),4位,3強とは選手層、質ともにまだ差がある,各地での観戦会とかの状況も知りたいです
2022/02/27 14:11:22,まだ見始めたばかり、これから見ようかと思う(興味を持っていただきありがとうございます!!),3位,,
2022/02/27 14:13:14,1~3年(この苦しい時期に応援してくださってありがとうございます!!),3位,,
2022/02/27 14:13:30,3~10年(ナカーマ、仲良くしましょう!!),3位,,
2022/02/27 14:19:15,10年以上(!?),4位,,アンケートありがとうございます！
2022/02/27 14:22:36,10年以上(!?),3位,,
2022/02/27 14:23:39,10年以上(!?),4位,,
2022/02/27 14:27:03,10年以上(!?),3位,,
2022/02/27 14:38:20,10年以上(!?),3位,チェルシーは、カップ戦疲れが後半に影響が出る。プラス　ウクライナ情勢によるロシアバッシング（アヴラモビッチが管理運用を退いたとしても！）で、チームが疲弊。,
2022/02/27 14:38:57,1~3年(この苦しい時期に応援してくださってありがとうございます!!),3位,"条件付きで3位です。その条件というのは、「直接対決でチェルシーに勝利し、かつチェルシーがCLで準決勝あたりにまで勝ち抜ける」です。
CL圏を争うひとつの指標になるのがチェルシーだと思うので、彼らを抜かせれば確実でしょう。",エメリ期にサポーターになった変態です
2022/02/27 14:45:01,1~3年(この苦しい時期に応援してくださってありがとうございます!!),4位,,
2022/02/27 14:50:04,10年以上(!?),3位,,
2022/02/27 14:51:31,3~10年(ナカーマ、仲良くしましょう!!),4位,今のところ、アーセナルより強いチームが3チームしかないから,COYG
2022/02/27 15:05:55,1~3年(この苦しい時期に応援してくださってありがとうございます!!),4位,,エメリ期からのグーナーです。苦しい日々を乗り越えて今ではボスアルテタを大信頼しています。サポーターも一丸になって頑張りましょう！！
2022/02/27 15:08:29,1~3年(この苦しい時期に応援してくださってありがとうございます!!),3位,トップ2は別次元なので3位です,
2022/02/27 15:15:11,1~3年(この苦しい時期に応援してくださってありがとうございます!!),4位,,
2022/02/27 15:24:55,10年以上(!?),4位,,
2022/02/27 15:29:32,3~10年(ナカーマ、仲良くしましょう!!),4位,アーセナルの調子の良さとライバルがいまいち伸び悩んでいる所から4位は取れると思うが、3位以上は得失点も差があるし、とにかくトップ2が異次元だから,頑張れアーセナル
2022/02/27 15:29:44,10年以上(!?),4位,,
2022/02/27 15:38:57,10年以上(!?),4位,マンUに負けそうですが、入ってくれると信じてます,
2022/02/27 15:41:01,1~3年(この苦しい時期に応援してくださってありがとうございます!!),4位,,
2022/02/27 15:44:21,10年以上(!?),3位,,
2022/02/27 15:52:01,3~10年(ナカーマ、仲良くしましょう!!),3位,,
2022/02/27 15:56:17,10年以上(!?),とりあえずトッテナムより上(トットリンガムデイ),トッテナムより上なら何位でもいい,COYG！
2022/02/27 15:58:50,10年以上(!?),3位,,
2022/02/27 15:58:58,1~3年(この苦しい時期に応援してくださってありがとうございます!!),4位,上３つには勝てない気がするけど他には勝てるから,
2022/02/27 16:07:29,1~3年(この苦しい時期に応援してくださってありがとうございます!!),7位,,
2022/02/27 16:13:21,10年以上(!?),4位,フルメンバーが揃えば、簡単に倒されるチームではないから。,これからのコミュニティだと思います。活発な情報交換ができればいいですね。
2022/02/27 16:19:59,1~3年(この苦しい時期に応援してくださってありがとうございます!!),3位,宇宙最高のアーセナル再生の第1歩はこれしかない！,
2022/02/27 16:30:30,3~10年(ナカーマ、仲良くしましょう!!),4位,,
2022/02/27 16:33:47,1~3年(この苦しい時期に応援してくださってありがとうございます!!),3位,後半戦のペペが覚醒すれば低調気味なチェルシーをも射程圏内に入れられると感じた,
2022/02/27 16:50:39,1~3年(この苦しい時期に応援してくださってありがとうございます!!),4位,,
2022/02/27 17:05:04,10年以上(!?),4位,,
2022/02/27 17:11:20,3~10年(ナカーマ、仲良くしましょう!!),4位,,
2022/02/27 17:26:00,10年以上(!?),4位,,
2022/02/27 17:44:25,1~3年(この苦しい時期に応援してくださってありがとうございます!!),4位,,
2022/02/27 17:45:01,3~10年(ナカーマ、仲良くしましょう!!),4位,残り試合数と相手、ライバルの試合数と勝ち点を見比べて1番現実的なのはアーセナルかと,
2022/02/27 17:58:29,3~10年(ナカーマ、仲良くしましょう!!),4位,,
2022/02/27 18:06:09,3~10年(ナカーマ、仲良くしましょう!!),4位,,
2022/02/27 18:19:49,10年以上(!?),3位,,
2022/02/27 18:22:40,まだ見始めたばかり、これから見ようかと思う(興味を持っていただきありがとうございます!!),4位,,
2022/02/27 18:27:05,3~10年(ナカーマ、仲良くしましょう!!),4位,,
2022/02/27 18:35:38,まだ見始めたばかり、これから見ようかと思う(興味を持っていただきありがとうございます!!),4位,,
2022/02/27 18:40:25,1~3年(この苦しい時期に応援してくださってありがとうございます!!),3位,,
2022/02/27 18:47:55,10年以上(!?),3位,チェルシーが堕ちそう,応援しています！
2022/02/27 19:00:26,まだ見始めたばかり、これから見ようかと思う(興味を持っていただきありがとうございます!!),4位,,
2022/02/27 19:02:39,10年以上(!?),4位,,
2022/02/27 19:16:44,3~10年(ナカーマ、仲良くしましょう!!),4位,定位置だから。,
2022/02/27 20:07:29,3~10年(ナカーマ、仲良くしましょう!!),4位,,
2022/02/27 20:08:06,3~10年(ナカーマ、仲良くしましょう!!),3位,,
2022/02/27 20:08:22,まだ見始めたばかり、これから見ようかと思う(興味を持っていただきありがとうございます!!),とりあえずトッテナムより上(トットリンガムデイ),,
2022/02/27 20:31:43,1~3年(この苦しい時期に応援してくださってありがとうございます!!),4位,,
2022/02/27 20:40:34,10年以上(!?),4位,"現実的に有りうるし、あってほしい！
最小失点をとりあえずの目標、ゲームメイクの基礎とする。攻撃は全員参加の気持ちを持ち、トーマス、ウーデゴー、ローを中心にラカ、サカ、マルティ、そしてペペらに期待することは臆することなく、上位にチャレンジし、下位にはミスせず勝ち点を積み上げる！
これを最終戦まで、高いモチベーションと集中力を保持し慎重且つ大胆にプレーし続けてほしい！
そして、夏の補強ポイントを明確に、マネージャーであるアルテタとテクニカル・ダイレクターであるエドゥ(アルド)の手腕に期待したい。",サッカー、footballは楽しいスポーツです。アーセナルファンとしては、まずサッカー、プレーヤー、クラブを、そしてフェアーなプレーヤーは他のクラブでも、リスペクトする。アーセナルが世界に誇れる華麗で観るのもを魅了するクラブであり続けることを願う。同時にサッカー、footballへの情熱、勝利へのこだわりを強く持ち故意に相手を傷つけるような非人道的なプレーはしないクラブ、プレーヤーであってほしい。
2022/02/27 20:43:28,まだ見始めたばかり、これから見ようかと思う(興味を持っていただきありがとうございます!!),4位,,
2022/02/27 20:48:54,まだ見始めたばかり、これから見ようかと思う(興味を持っていただきありがとうございます!!),4位,,
2022/02/27 20:50:23,10年以上(!?),4位,今季こそはこの順位を死守せねばならない,アーセナル界隈が面白くなってきたと感じています
2022/02/27 20:53:33,3~10年(ナカーマ、仲良くしましょう!!),3位,リヴァプールチェルシーが4位争いに加わり停滞する間、アーセナルが勝ち点を積み重ねその他を突き放す。 ,今後もよろしくお願いいたします
2022/02/27 20:59:46,10年以上(!?),4位,願いよかなえいつの日かそうなるように生きてゆけってどこかで聞いた気がするから,行動してくれてありがとう！
2022/02/27 21:00:00,3~10年(ナカーマ、仲良くしましょう!!),4位,,
2022/02/27 21:10:46,3~10年(ナカーマ、仲良くしましょう!!),3位,,
2022/02/27 21:29:54,10年以上(!?),4位,3位の可能性も期待したい,これからもみんなで盛り上げて行きましょう
2022/02/27 21:46:04,10年以上(!?),3位,,
2022/02/27 21:51:14,10年以上(!?),4位,,
2022/02/27 22:42:31,10年以上(!?),3位,ライバルの不調により、まず4位以内は固い。それから過密日程で不利だったチェルシーは更にオーナー問題でメンタル面に影響が出そう。,
2022/02/27 23:22:03,1~3年(この苦しい時期に応援してくださってありがとうございます!!),3位,,
2022/02/28 0:26:32,3~10年(ナカーマ、仲良くしましょう!!),4位,,
2022/02/28 0:46:59,1~3年(この苦しい時期に応援してくださってありがとうございます!!),4位,,
2022/02/28 1:19:19,3~10年(ナカーマ、仲良くしましょう!!),4位,,
2022/02/28 3:00:36,3~10年(ナカーマ、仲良くしましょう!!),4位,,
2022/02/28 3:42:52,3~10年(ナカーマ、仲良くしましょう!!),3位,アーセナルだから。,
2022/02/28 3:48:18,1~3年(この苦しい時期に応援してくださってありがとうございます!!),4位,,アーセナル最高
2022/02/28 4:56:20,10年以上(!?),4位,なんだかんだチェルシーは強いから3位フィニッシュしそう。ノーロン勝てたら4位はほぼ確定すると思う。CL戻ろうぜ!!COYG!!!!!,
2022/02/28 6:04:40,1~3年(この苦しい時期に応援してくださってありがとうございます!!),4位,,
2022/02/28 6:46:38,1~3年(この苦しい時期に応援してくださってありがとうございます!!),4位,"ウルブスにダブルできたこと特に先日の劇的な逆転劇を受けて勢いがすごいと思う。
ただスカットは層が厚い訳では無いのでギリギリで4位フィニッシュ。",
2022/02/28 7:23:38,10年以上(!?),5位,最近は肝心な所でポカする。まだ勝者のメンタリティが備わってない。ユナイテッドとスパーズに粘り負けしそう。,期待しすぎると良くない。逆にこのFW陣の層で何故Clにいけると確信できるのか
2022/02/28 8:00:48,10年以上(!?),3位,,
2022/02/28 12:39:26,10年以上(!?),3位,,
2022/02/28 13:01:54,3~10年(ナカーマ、仲良くしましょう!!),4位,,
2022/02/28 13:06:16,3~10年(ナカーマ、仲良くしましょう!!),4位,アーセナルがこのまま行けば、ライバルチームが足踏みしてるし4位も夢じゃないのではないかと思ったからです,
2022/02/28 13:11:44,1~3年(この苦しい時期に応援してくださってありがとうございます!!),3位,COYG！,
2022/02/28 14:10:44,3~10年(ナカーマ、仲良くしましょう!!),4位,"マンC、リバポはやはり強いので2強。
チェルシーには今季は3番手を譲ります。
未消化分を全勝して、マンU、TOTに大差でフィニッシュ！",
2022/02/28 15:20:14,10年以上(!?),5位,,
2022/02/28 16:15:06,1~3年(この苦しい時期に応援してくださってありがとうございます!!),3位,,
2022/02/28 20:23:49,まだ見始めたばかり、これから見ようかと思う(興味を持っていただきありがとうございます!!),4位,今の順位だとシティ・リバプールが１位・２位を独走する勢いで、チェルシーも３位を狙える状態であることから現実的に考えるとマンチェスターユナイテッドとの４位争いになると思う。アーセナルはどのリーグ戦でも試合を落とせない状態であるが、この勢いなら４位でCL出場権を獲得できる。,
2022/02/28 21:14:38,10年以上(!?),3位,,
2022/03/01 7:37:26,10年以上(!?),3位,,
2022/03/01 9:55:48,まだ見始めたばかり、これから見ようかと思う(興味を持っていただきありがとうございます!!),4位,,
2022/03/02 15:13:25,3~10年(ナカーマ、仲良くしましょう!!),4位,,
2022/03/03 12:59:58,10年以上(!?),3位,そうなってほしいという希望込みです。,